tasks,run,algorithm,makespan_s,throughput,arur,degree_of_imbalance,energy_kj,cost
500,1,FCFS,49.07375000,10.18874653,0.23728943,3.21414317,10.91684273,4027.10840943
500,1,RoundRobin,54.68250000,9.14369314,0.18706996,4.18524343,11.61532815,4485.72807195
500,1,MET,236.05450000,2.11815492,0.03983051,20.00000000,43.18997165,19343.22594246
500,1,MCT,20.68187500,24.17575776,0.62926913,0.49212238,6.22222122,1702.06787929
500,1,MinMin,20.63525000,24.23038248,0.60797200,0.61922356,6.12029959,1697.96707253
500,1,MaxMin,20.25575000,24.68434889,0.73593074,0.14823529,6.52612205,1668.29513740
500,1,Sufferage,20.68187500,24.17575776,0.62926913,0.49212238,6.22222122,1702.06787929
500,1,PSO,20.53791667,24.34521515,0.66700628,0.52473269,6.33391929,1690.68548494
500,1,GA,20.58958333,24.28412425,0.65789706,0.44586509,6.31234234,1694.82616243
500,1,ACO,193.02250000,2.59037159,0.04219797,18.86002901,35.40796900,15817.29029450
500,1,Proposed_DQN,20.24291667,24.69999794,0.73238095,0.14895378,6.50761573,1667.19504929
500,2,FCFS,49.29750000,10.14250216,0.23867862,3.26065117,10.98031439,4045.51095568
500,2,RoundRobin,46.92375000,10.65558486,0.23435804,3.31635817,10.41104784,3850.59177476
500,2,MET,235.85912500,2.11990950,0.04000000,20.00000000,43.16221988,19327.24013900
500,2,MCT,20.64875000,24.21454083,0.63007467,0.49149320,6.21558213,1699.35175265
500,2,MinMin,20.65220000,24.21049573,0.61018300,0.61697981,6.13445925,1699.38919675
500,2,MaxMin,20.18250000,24.77393782,0.76190476,0.10000000,6.60736607,1662.57668571
500,2,Sufferage,20.64875000,24.21454083,0.63007467,0.49149320,6.21558213,1699.35175265
500,2,PSO,20.81625000,24.01969615,0.59550280,0.52002681,6.12207078,1712.70488109
500,2,GA,20.74833333,24.09832115,0.60109407,0.48799905,6.12529835,1707.18648671
500,2,ACO,156.30237500,3.19892772,0.04260618,18.77661842,28.68480508,12808.28622835
500,2,Proposed_DQN,20.25150000,24.68952917,0.73593074,0.14823529,6.52475276,1667.94510078
500,3,FCFS,51.40875000,9.72597077,0.22509805,3.46440996,11.31093314,4218.34800568
500,3,RoundRobin,50.37062500,9.92642041,0.21534596,3.61996789,10.98428148,4132.86986630
500,3,MET,240.81862500,2.07625137,0.04000000,20.00000000,44.06980838,19733.64140700
500,3,MCT,21.19218750,23.59360024,0.62174400,0.49807866,6.34385588,1743.96966921
500,3,MinMin,20.98916667,23.82181284,0.61526448,0.57364139,6.25588193,1727.18086661
500,3,MaxMin,20.62000000,24.24830262,0.75584416,0.09621993,6.72560130,1698.54170390
500,3,Sufferage,21.19218750,23.59360024,0.62174400,0.49807866,6.34385588,1743.96966921
500,3,PSO,20.90250000,23.92058366,0.65675928,0.39153289,6.40351968,1720.56954654
500,3,GA,20.78562500,24.05508615,0.68539438,0.40248662,6.48675448,1711.30621031
500,3,ACO,166.80762500,2.99746489,0.04693318,17.04551058,30.75709680,13669.57792728
500,3,Proposed_DQN,20.57333333,24.30330525,0.75757576,0.09600000,6.71750505,1694.71898182
500,4,FCFS,52.66312500,9.49430935,0.22310867,3.49188484,11.56596678,4321.21295972
500,4,RoundRobin,59.03500000,8.46955196,0.17510473,4.39657093,12.39858655,4842.34958466
500,4,MET,243.82137500,2.05068157,0.04000000,20.00000000,44.61931163,19979.69875300
500,4,MCT,21.53250000,23.22071288,0.58374678,0.60461348,6.28209302,1771.48411657
500,4,MinMin,21.47066667,23.28758616,0.58930876,0.64105237,6.28793706,1766.46872452
500,4,MaxMin,20.95175000,23.86435501,0.75218521,0.13872624,6.81847553,1725.82311784
500,4,Sufferage,21.53250000,23.22071288,0.58374678,0.60461348,6.28209302,1771.48411657
500,4,PSO,21.49712500,23.25892416,0.60755714,0.55862061,6.37414322,1768.88091903
500,4,GA,21.53083333,23.22251035,0.58325729,0.72009387,6.27949892,1771.34067594
500,4,ACO,159.38750000,3.13700886,0.04317170,18.53065802,29.26901835,13061.15261755
500,4,Proposed_DQN,20.89875000,23.92487589,0.75930736,0.09578107,6.83099619,1721.54674481
500,5,FCFS,49.49125000,10.10279595,0.23535083,3.31024861,10.99053013,4061.31188414
500,5,RoundRobin,54.72750000,9.13617468,0.19931303,3.93016620,11.75889327,4489.82154231
500,5,MET,230.74600000,2.16688480,0.04000000,20.00000000,42.22651800,18908.25022400
500,5,MCT,20.75037500,24.09595007,0.64255216,0.45651288,6.29795527,1707.87063892
500,5,MinMin,20.88420000,23.94154433,0.60315268,0.66318200,6.17400724,1718.39148073
500,5,MaxMin,20.37766667,24.53666596,0.77922078,0.09333333,6.74183193,1678.86567411
500,5,Sufferage,20.75037500,24.09595007,0.64255216,0.45651288,6.29795527,1707.87063892
500,5,PSO,21.00625000,23.80243975,0.61311947,0.46794267,6.25196194,1728.55960457
500,5,GA,20.77833333,24.06352771,0.62477567,0.52018671,6.23256775,1709.95014490
500,5,ACO,157.20450000,3.18057053,0.04333877,18.45922189,28.87339748,12882.28046995
500,5,Proposed_DQN,20.44583333,24.45486040,0.75601732,0.09619789,6.66950164,1684.19710909
500,6,FCFS,51.92750000,9.62880940,0.22816048,3.41614185,11.45687319,4261.00948206
500,6,RoundRobin,54.61937500,9.15426074,0.18980280,4.13944240,11.63177266,4480.63934611
500,6,MET,236.25000000,2.11640212,0.04000000,20.00000000,43.23375000,19359.27000000
500,6,MCT,21.58125000,23.16825948,0.57089850,0.61822053,6.24085941,1775.32842197
500,6,MinMin,21.42468750,23.33756327,0.61748965,0.59225978,6.39522488,1763.04811370
500,6,MaxMin,21.05437500,23.74803337,0.74142669,0.08935825,6.80657074,1734.14056533
500,6,Sufferage,21.58125000,23.16825948,0.57089850,0.61822053,6.24085941,1775.32842197
500,6,PSO,21.51687500,23.23757516,0.57813290,0.61048450,6.25337579,1770.12616801
500,6,GA,21.42000000,23.34267040,0.59581442,0.56963029,6.30096897,1762.38380690
500,6,ACO,148.67412500,3.36305998,0.04455647,17.95474566,27.34285057,12183.35895609
500,6,Proposed_DQN,21.05950000,23.74225409,0.72832675,0.09096547,6.75305192,1734.39715826
500,7,FCFS,51.63562500,9.68323711,0.23868584,3.26164073,11.50117289,4237.38521555
500,7,RoundRobin,51.74437500,9.66288606,0.20404554,3.83428694,11.16690740,4245.23412533
500,7,MET,235.65287500,2.12176491,0.04000000,20.00000000,43.12447613,19310.33918900
500,7,MCT,21.24291667,23.53725752,0.61109206,0.50676067,6.31378596,1748.00855995
500,7,MinMin,21.22575000,23.55629365,0.61003052,0.59950162,6.30417733,1746.58245323
500,7,MaxMin,20.78525000,24.05552014,0.74904574,0.13930768,6.75123933,1712.06914174
500,7,Sufferage,21.32906250,23.44219302,0.59170085,0.54926404,6.25667080,1754.84905460
500,7,PSO,21.30625000,23.46729246,0.58433813,0.60400162,6.21860459,1752.87803252
500,7,GA,21.31000000,23.46316283,0.59404355,0.54709794,6.26106361,1753.31064084
500,7,ACO,176.38675000,2.83468004,0.04636376,17.25485652,32.50327178,14454.50933160
500,7,Proposed_DQN,20.78450000,24.05638817,0.75792208,0.09595613,6.78789379,1712.11805886
500,8,FCFS,51.07625000,9.78928563,0.25619319,2.97701945,11.55542121,4192.01763239
500,8,RoundRobin,51.74750000,9.66230253,0.20234159,3.86822446,11.14994683,4245.43760298
500,8,MET,232.72962500,2.14841579,0.04000000,20.00000000,42.58952138,19070.79639100
500,8,MCT,21.60250000,23.14546927,0.55517439,0.70102151,6.17906846,1776.87269288
500,8,MinMin,21.20950000,23.57434169,0.60620387,0.59176488,6.28311870,1745.19660861
500,8,MaxMin,20.70187500,24.15240165,0.76121212,0.09554140,6.77453176,1705.35271091
500,8,Sufferage,21.60250000,23.14546927,0.55517439,0.70102151,6.17906846,1776.87269288
500,8,PSO,21.21020833,23.57355440,0.61375621,0.59586246,6.31536589,1745.35100496
500,8,GA,21.24425000,23.53578027,0.61565354,0.55127424,6.33356331,1748.17641869
500,8,ACO,134.81587500,3.70876204,0.04633897,17.26408495,24.84222402,11047.86481767
500,8,Proposed_DQN,20.70066667,24.15381147,0.76277056,0.09534620,6.78058850,1705.27252883
500,9,FCFS,51.47812500,9.71286347,0.23453491,3.32403984,11.42335540,4224.33205059
500,9,RoundRobin,54.00562500,9.25829485,0.19369067,3.97986612,11.54306151,4430.41703141
500,9,MET,234.16850000,2.13521460,0.04000000,20.00000000,42.85283550,19188.70356400
500,9,MCT,21.15333333,23.63693665,0.61902851,0.57950507,6.32073662,1740.73777653
500,9,MinMin,21.18975000,23.59631426,0.59287893,0.60506478,6.22079751,1743.40209377
500,9,MaxMin,20.68925000,24.16713994,0.75982684,0.09571559,6.76466824,1704.29550847
500,9,Sufferage,21.15333333,23.63693665,0.61902851,0.57950507,6.32073662,1740.73777653
500,9,PSO,21.20666667,23.57749135,0.61905067,0.50024567,6.33676692,1745.12693409
500,9,GA,21.24562500,23.53425705,0.60905376,0.55724791,6.30592995,1748.20543672
500,9,ACO,100.56925000,4.97169861,0.07444219,10.74659363,19.09693786,8243.12491733
500,9,Proposed_DQN,20.64968750,24.21344149,0.77922078,0.09333333,6.83182843,1701.27679935
500,10,FCFS,51.05187500,9.79395958,0.22595830,3.38001434,11.24119711,4189.09095695
500,10,RoundRobin,49.74187500,10.05189290,0.23401556,3.33785966,11.03290272,4081.83862377
500,10,MET,235.26775000,2.12523816,0.04000000,20.00000000,43.05399825,19278.78050600
500,10,MCT,21.25958333,23.51880524,0.60345614,0.53856441,6.28627232,1749.28260238
500,10,MinMin,21.18100000,23.60606204,0.60889362,0.60062098,6.28607017,1742.88570550
500,10,MaxMin,20.80500000,24.03268445,0.73384529,0.14219322,6.69440523,1713.50619069
500,10,Sufferage,21.25958333,23.51880524,0.60345614,0.53856441,6.28627232,1749.28260238
500,10,PSO,21.07000000,23.73042240,0.63093354,0.40454038,6.34600393,1734.03066179
500,10,GA,21.02125000,23.78545519,0.63971295,0.44848985,6.36823190,1730.12933945
500,10,ACO,164.71300000,3.03558311,0.04813342,16.62047000,30.41041488,13498.04587963
500,10,Proposed_DQN,20.72775000,24.12225157,0.76277056,0.09534620,6.78945976,1707.50359052
500,11,FCFS,50.87500000,9.82800983,0.23239217,3.35591461,11.26771529,4174.77377088
500,11,RoundRobin,54.11250000,9.24000924,0.19014866,4.11724014,11.52757139,4439.06965166
500,11,MET,237.49075000,2.10534516,0.04000000,20.00000000,43.46080725,19460.94201800
500,11,MCT,21.15458333,23.63553997,0.56488998,0.66876346,6.09205453,1740.15347401
500,11,MinMin,20.88360000,23.94223218,0.60589833,0.60359019,6.18529767,1718.37651501
500,11,MaxMin,20.40750000,24.50079628,0.75376623,0.09648518,6.64780938,1681.01189065
500,11,Sufferage,21.15458333,23.63553997,0.56488998,0.66876346,6.09205453,1740.15347401
500,11,PSO,20.67125000,24.18818407,0.66196735,0.51270495,6.35420727,1701.59901555
500,11,GA,21.02062500,23.78616240,0.58947399,0.63228502,6.15683171,1729.44426701
500,11,ACO,159.65975000,3.13165967,0.04303306,18.59035672,29.31458588,13083.44910889
500,11,Proposed_DQN,20.37830000,24.53590339,0.77142857,0.04938272,6.71028307,1678.82257771
500,12,FCFS,51.22500000,9.76085896,0.23745962,3.28211440,11.39714877,4203.65032131
500,12,RoundRobin,54.87375000,9.11182487,0.17926500,4.37088970,11.57029485,4501.15976579
500,12,MET,240.86750000,2.07583007,0.04000000,20.00000000,44.07875250,19737.64642000
500,12,MCT,21.17562500,23.61205395,0.62798338,0.46710366,6.36532249,1742.68596433
500,12,MinMin,21.06687500,23.73394250,0.60896237,0.53799556,6.25248994,1733.49576046
500,12,MaxMin,20.63087500,24.23552079,0.77922078,0.09333333,6.82560442,1699.72688390
500,12,Sufferage,21.17562500,23.61205395,0.62798338,0.46710366,6.36532249,1742.68596433
500,12,PSO,21.14666667,23.64438840,0.61254118,0.50556180,6.29130748,1740.10685578
500,12,GA,21.24437500,23.53564179,0.59744243,0.51833851,6.25622384,1747.95457465
500,12,ACO,173.68212500,2.87882245,0.04360331,18.34723016,31.90899505,14232.58354953
500,12,Proposed_DQN,20.67591667,24.18272467,0.75411255,0.09644087,6.73667908,1703.12627433
500,13,FCFS,52.13437500,9.59060121,0.22630921,3.44434576,11.48321350,4277.92709363
500,13,RoundRobin,57.51062500,8.69404567,0.18014627,4.33593425,12.13642424,4717.48659459
500,13,MET,236.11537500,2.11760882,0.04000000,20.00000000,43.20911363,19348.23828900
500,13,MCT,21.25625000,23.52249338,0.61555052,0.57337483,6.33670292,1749.16257750
500,13,MinMin,21.33556250,23.43505122,0.59218245,0.63794152,6.26063259,1755.39000747
500,13,MaxMin,20.89837500,23.92530520,0.74175042,0.14067781,6.75749133,1721.29570710
500,13,Sufferage,21.25625000,23.52249338,0.61555052,0.57337483,6.33670292,1749.16257750
500,13,PSO,21.26625000,23.51143243,0.59758646,0.63217258,6.26327837,1749.75625387
500,13,GA,21.48875000,23.26798906,0.56712926,0.68624424,6.19791103,1767.67053933
500,13,ACO,202.88862500,2.46440627,0.04409432,18.14292673,37.29475653,16626.00390146
500,13,Proposed_DQN,20.86416667,23.96453249,0.74543196,0.13998303,6.76179249,1718.52422332
500,14,FCFS,49.29500000,10.14301653,0.23838109,3.26765587,10.97682417,4045.29699750
500,14,RoundRobin,50.92062500,9.81920391,0.20891771,3.74532997,11.03875343,4177.80053216
500,14,MET,227.05262500,2.20213266,0.03982379,20.00000000,41.54262852,18605.57629744
500,14,MCT,20.63500000,24.23067604,0.58499662,0.55555876,6.02540606,1697.66204318
500,14,MinMin,20.43800000,24.46423329,0.61479657,0.61234985,6.08969245,1681.82008736
500,14,MaxMin,20.04550000,24.94325410,0.74914286,0.04830918,6.51135113,1651.13752589
500,14,Sufferage,20.63500000,24.23067604,0.58499662,0.55555876,6.02540606,1697.66204318
500,14,PSO,20.74041667,24.10751954,0.58321928,0.58193197,6.04881507,1706.31265981
500,14,GA,20.46708333,24.42947008,0.60984580,0.59627592,6.07809254,1684.15252552
500,14,ACO,185.49400000,2.69550498,0.04481151,17.85255774,34.12390310,15200.65583931
500,14,Proposed_DQN,20.04400000,24.94512073,0.74914286,0.04830918,6.51086389,1651.01397166
500,15,FCFS,51.67812500,9.67527363,0.23151302,3.36351808,11.43650362,4240.65049523
500,15,RoundRobin,50.67750000,9.86631148,0.23302675,3.35615037,11.23040517,4158.58632802
500,15,MET,234.79212500,2.12954331,0.04000000,20.00000000,42.96695888,19239.80589100
500,15,MCT,21.39177083,23.37347403,0.56629005,0.64580736,6.16634931,1759.68223490
500,15,MinMin,21.20000000,23.58490566,0.61140901,0.56699633,6.30237420,1744.48112261
500,15,MaxMin,20.79500000,24.04424140,0.76086580,0.09558489,6.80356587,1713.01972260
500,15,Sufferage,21.39177083,23.37347403,0.56629005,0.64580736,6.16634931,1759.68223490
500,15,PSO,21.45275000,23.30703523,0.56981589,0.59562035,6.19905481,1764.74375068
500,15,GA,21.46583333,23.29282969,0.56400860,0.66980854,6.17790376,1765.74521544
500,15,ACO,164.62062500,3.03728649,0.04318909,18.52319457,30.23057252,13489.98748943
500,15,Proposed_DQN,20.76150000,24.08303832,0.75757576,0.09600000,6.77894432,1710.21912545
500,16,FCFS,51.35250000,9.73662431,0.21397426,3.64207519,11.18431014,4213.38966793
500,16,RoundRobin,50.48250000,9.90442232,0.22086741,3.54068741,11.06442534,4142.21636353
500,16,MET,237.08262500,2.10896939,0.03983122,20.00000000,43.37811759,19427.47461463
500,16,MCT,20.92500000,23.89486260,0.55991777,0.65315714,6.00513086,1721.20576757
500,16,MinMin,20.63600000,24.22950184,0.62559851,0.58126155,6.19327018,1698.24703054
500,16,MaxMin,20.27800000,24.65726403,0.73783550,0.14785262,6.54101565,1670.15085694
500,16,Sufferage,20.92500000,23.89486260,0.55991777,0.65315714,6.00513086,1721.20576757
500,16,PSO,20.82125000,24.01392808,0.56764834,0.68452844,6.00754833,1712.76828875
500,16,GA,20.72750000,24.12254252,0.60343868,0.51318789,6.12886754,1705.50146511
500,16,ACO,186.39962500,2.68240883,0.04332046,18.46702313,34.23491800,15274.70223088
500,16,Proposed_DQN,20.16100000,24.80035713,0.75428571,0.10101010,6.56960586,1660.71341257
500,17,FCFS,51.86375000,9.64064496,0.21544643,3.61987086,11.31092825,4255.38271599
500,17,RoundRobin,56.75937500,8.80911744,0.18583961,4.21648411,12.04251860,4656.05688392
500,17,MET,238.73312500,2.09438887,0.04000000,20.00000000,43.68816188,19562.74719500
500,17,MCT,20.94500000,23.87204583,0.60304491,0.58526516,6.19153013,1723.39286539
500,17,MinMin,20.80500000,24.03268445,0.61617092,0.63062280,6.20476218,1712.03726153
500,17,MaxMin,20.41687500,24.48954603,0.75965368,0.09573741,6.67490397,1681.85625253
500,17,Sufferage,20.94500000,23.87204583,0.60304491,0.58526516,6.19153013,1723.39286539
500,17,PSO,20.87708333,23.94970562,0.59600241,0.67113822,6.14204799,1717.71634188
500,17,GA,21.12291667,23.67097347,0.56340333,0.67052813,6.07665473,1737.52976627
500,17,ACO,174.89700000,2.85882548,0.04875863,16.40735272,32.31252254,14332.67888261
500,17,Proposed_DQN,20.49137500,24.40050997,0.73547149,0.14187882,6.60015503,1687.69593320
500,18,FCFS,51.06625000,9.79120260,0.22807242,3.34603048,11.26595435,4190.33528181
500,18,RoundRobin,51.43937500,9.72018031,0.21067693,3.71473365,11.16930859,4220.41585389
500,18,MET,237.80025000,2.10260502,0.04000000,20.00000000,43.51744575,19486.30368600
500,18,MCT,20.88312500,23.94277676,0.61672789,0.44729949,6.23038800,1718.47312339
500,18,MinMin,20.78275000,24.05841383,0.60495977,0.64230953,6.15152680,1710.06651665
500,18,MaxMin,20.30550000,24.62387038,0.78476190,0.04854369,6.74045907,1672.98754971
500,18,Sufferage,20.88312500,23.94277676,0.61672789,0.44729949,6.23038800,1718.47312339
500,18,PSO,20.81614583,24.01981635,0.61648651,0.47581468,6.20940015,1712.95839054
500,18,GA,20.79125000,24.04857813,0.62452041,0.62219172,6.23538076,1711.00993604
500,18,ACO,163.73662500,3.05368454,0.04683940,17.07963722,30.18777451,13417.90591540
500,18,Proposed_DQN,20.39000000,24.52182442,0.73306983,0.18979152,6.55770876,1679.31717628
500,19,FCFS,51.09250000,9.78617214,0.24522419,3.10856522,11.44701085,4193.01507005
500,19,RoundRobin,55.02187500,9.08729483,0.21908088,3.50875273,12.03967623,4514.62454432
500,19,MET,244.46950000,2.04524491,0.04000000,20.00000000,44.73791850,20032.80870800
500,19,MCT,21.62812500,23.11804653,0.60077853,0.58747302,6.38366449,1779.57222785
500,19,MinMin,21.41625000,23.34675772,0.62651519,0.54171701,6.43136495,1762.46976360
500,19,MaxMin,21.07779167,23.72165016,0.74458874,0.04651163,6.82747083,1736.10926519
500,19,Sufferage,21.62812500,23.11804653,0.60077853,0.58747302,6.38366449,1779.57222785
500,19,PSO,21.43562500,23.32565531,0.62382865,0.56576622,6.42566578,1764.02969422
500,19,GA,21.56718750,23.18336593,0.62317965,0.56635542,6.46230429,1774.84813944
500,19,ACO,145.54812500,3.43528987,0.04508915,17.74262780,26.78345011,11927.23998471
500,19,Proposed_DQN,20.98416667,23.82748898,0.76277056,0.09534620,6.87345009,1728.62659610
500,20,FCFS,49.41875000,10.11761730,0.23937683,3.25431977,11.01422198,4055.48182220
500,20,RoundRobin,53.07812500,9.42007654,0.19873808,3.86696011,11.39840078,4354.48918670
500,20,MET,234.44637500,2.13268386,0.04000000,20.00000000,42.90368663,19211.47375300
500,20,MCT,20.41000000,24.49779520,0.64310834,0.52165996,6.19691824,1679.86270471
500,20,MinMin,20.54480000,24.33705853,0.60344715,0.62386671,6.07488022,1690.46863665
500,20,MaxMin,20.17350000,24.78499021,0.74566667,0.10217766,6.53890380,1661.63874390
500,20,Sufferage,20.41000000,24.49779520,0.64310834,0.52165996,6.19691824,1679.86270471
500,20,PSO,20.53400000,24.34985877,0.62743130,0.55783000,6.17018486,1689.87548457
500,20,GA,20.46437500,24.43270317,0.62033721,0.56420926,6.12022829,1684.05848799
500,20,ACO,188.92262500,2.64658614,0.04174466,19.16412965,34.63876137,15481.27334600
500,20,Proposed_DQN,20.16700000,24.79297863,0.72384848,0.15070959,6.44879548,1660.83935144
500,21,FCFS,50.58562500,9.88423095,0.23852258,3.26519837,11.26564710,4151.21388817
500,21,RoundRobin,49.96937500,10.00612875,0.23405452,3.33988122,11.08375221,4100.50853475
500,21,MET,237.42850000,2.10589714,0.04000000,20.00000000,43.44941550,19455.84100400
500,21,MCT,20.69500000,24.16042522,0.65102913,0.47567367,6.31623458,1703.41822873
500,21,MinMin,20.82866667,24.00537720,0.60047965,0.64710175,6.14645474,1713.78868757
500,21,MaxMin,20.35460000,24.56447191,0.76484848,0.09508716,6.67569199,1676.78974298
500,21,Sufferage,20.69500000,24.16042522,0.65102913,0.47567367,6.31623458,1703.41822873
500,21,PSO,20.77075000,24.07231323,0.62425360,0.56538108,6.22812434,1709.31956928
500,21,GA,20.71531250,24.13673460,0.65157561,0.49879092,6.32469815,1705.09695540
500,21,ACO,141.34050000,3.53755647,0.04464753,17.91812592,25.99668824,11582.40006222
500,21,Proposed_DQN,20.35500000,24.56398919,0.75757576,0.09600000,6.64621591,1676.73387273
500,22,FCFS,49.67375000,10.06567855,0.23127438,3.36859519,10.99055941,4076.16655948
500,22,RoundRobin,49.57562500,10.08560154,0.20414633,3.84148646,10.69987073,4067.30760906
500,22,MET,225.36475000,2.21862558,0.04000000,20.00000000,41.24174925,18467.28907400
500,22,MCT,20.35170833,24.56796215,0.59180858,0.56687903,5.97041207,1674.43853599
500,22,MinMin,20.37472500,24.54020852,0.58478731,0.66446624,5.94855301,1676.24640041
500,22,MaxMin,19.82250000,25.22386177,0.77638095,0.09813543,6.54689979,1633.09308686
500,22,Sufferage,20.35170833,24.56796215,0.59180858,0.56687903,5.97041207,1674.43853599
500,22,PSO,20.41687500,24.48954603,0.59375927,0.56501665,5.99749487,1679.82402523
500,22,GA,20.33350000,24.58996238,0.59431583,0.56448752,5.97526671,1672.97103262
500,22,ACO,190.43412500,2.62557984,0.04278232,18.69931216,34.95541470,15605.25184847
500,22,Proposed_DQN,19.85456250,25.18312856,0.75552381,0.10084457,6.47466738,1635.48611682
500,23,FCFS,49.45812500,10.10956238,0.23548413,3.30488397,10.98449260,4058.59756218
500,23,RoundRobin,51.39937500,9.72774474,0.21476506,3.63985788,11.20264857,4217.26007383
500,23,MET,236.45562500,2.11456166,0.04000000,20.00000000,43.27137938,19376.11973500
500,23,MCT,20.43041667,24.47331389,0.66078323,0.38914858,6.27533827,1681.75977939
500,23,MinMin,20.54012500,24.34259772,0.61209943,0.59408055,6.10904162,1690.19059923
500,23,MaxMin,20.06400000,24.92025518,0.75457143,0.04796163,6.53914423,1652.72671269
500,23,Sufferage,20.43041667,24.47331389,0.66078323,0.38914858,6.27533827,1681.75977939
500,23,PSO,20.50916667,24.37934257,0.64040359,0.43076284,6.21593294,1687.99141966
500,23,GA,20.50250000,24.38726985,0.65288536,0.36306073,6.26509393,1687.59626928
500,23,ACO,201.90850000,2.47636925,0.04112527,19.45275980,36.99469582,16545.32644495
500,23,Proposed_DQN,20.13550000,24.83176479,0.74666667,0.10204082,6.53061383,1658.52086400
500,24,FCFS,52.68187500,9.49093023,0.22555503,3.45560273,11.59586049,4322.82879708
500,24,RoundRobin,54.76687500,9.12960617,0.19673654,3.96440985,11.73913226,4492.96718739
500,24,MET,234.56400000,2.13161440,0.04000000,20.00000000,42.92521200,19221.11241600
500,24,MCT,21.15656250,23.63332890,0.63102215,0.46485426,6.37245033,1741.15575568
500,24,MinMin,21.13166667,23.66117202,0.60841885,0.56978292,6.26942252,1738.82027588
500,24,MaxMin,20.77416667,24.06835413,0.75913420,0.09580292,6.78955524,1711.28196156
500,24,Sufferage,21.15656250,23.63332890,0.63102215,0.46485426,6.37245033,1741.15575568
500,24,PSO,21.19291667,23.59278847,0.61956253,0.47345235,6.33482781,1744.00193551
500,24,GA,21.33166667,23.43933120,0.58898184,0.48196896,6.24583453,1755.02851191
500,24,ACO,199.76075000,2.50299421,0.04318793,18.52369431,36.68358188,16369.57699189
500,24,Proposed_DQN,20.69125000,24.16480396,0.76623377,0.09491525,6.79183563,1704.53980065
500,25,FCFS,52.78875000,9.47171509,0.20899638,3.73238717,11.44456277,4331.07399455
500,25,RoundRobin,53.75750000,9.30102776,0.18900399,4.12719023,11.43963885,4409.91062904
500,25,MET,240.87962500,2.07572558,0.04000000,20.00000000,44.08097138,19738.63999100
500,25,MCT,21.31000000,23.46316283,0.59231319,0.57299744,6.25368882,1753.28851646
500,25,MinMin,21.19200000,23.59380898,0.61274941,0.59684152,6.30567708,1743.83987124
500,25,MaxMin,20.79812500,24.04062866,0.75393939,0.09646302,6.77577703,1713.19071545
500,25,Sufferage,21.31000000,23.46316283,0.59231319,0.57299744,6.25368882,1753.28851646
500,25,PSO,21.51875000,23.23555039,0.54374738,0.71575368,6.10593406,1769.83645842
500,25,GA,21.30750000,23.46591576,0.59377483,0.59440239,6.25918394,1753.10151431
500,25,ACO,200.91962500,2.48855730,0.04339780,18.43411427,36.90482831,16464.56736179
500,25,Proposed_DQN,20.88875000,23.93632936,0.72518728,0.14389087,6.68518239,1720.29535343
